created_at,tag_name,zipball_url
Thu 14 Sep 2023 14:19:27 GMT,v5.3.2,https://api.github.com/repos/twbs/bootstrap/zipball/v5.3.2
Wed 26 Jul 2023 07:46:38 GMT,v5.3.1,https://api.github.com/repos/twbs/bootstrap/zipball/v5.3.1
Tue 30 May 2023 15:15:55 GMT,v5.3.0,https://api.github.com/repos/twbs/bootstrap/zipball/v5.3.0
Mon 03 Apr 2023 07:26:50 GMT,v5.3.0-alpha3,https://api.github.com/repos/twbs/bootstrap/zipball/v5.3.0-alpha3
Fri 24 Mar 2023 14:30:16 GMT,v5.3.0-alpha2,https://api.github.com/repos/twbs/bootstrap/zipball/v5.3.0-alpha2
Sat 24 Dec 2022 16:37:22 GMT,v5.3.0-alpha1,https://api.github.com/repos/twbs/bootstrap/zipball/v5.3.0-alpha1
Mon 21 Nov 2022 18:19:01 GMT,v5.2.3,https://api.github.com/repos/twbs/bootstrap/zipball/v5.2.3
Mon 03 Oct 2022 07:44:02 GMT,v5.2.2,https://api.github.com/repos/twbs/bootstrap/zipball/v5.2.2
Wed 07 Sep 2022 15:31:39 GMT,v5.2.1,https://api.github.com/repos/twbs/bootstrap/zipball/v5.2.1
Tue 19 Jul 2022 15:43:58 GMT,v5.2.0,https://api.github.com/repos/twbs/bootstrap/zipball/v5.2.0
Tue 19 Jul 2022 15:56:38 GMT,v4.6.2,https://api.github.com/repos/twbs/bootstrap/zipball/v4.6.2
Fri 13 May 2022 16:44:01 GMT,v5.2.0-beta1,https://api.github.com/repos/twbs/bootstrap/zipball/v5.2.0-beta1
Thu 28 Oct 2021 14:45:21 GMT,v4.6.1,https://api.github.com/repos/twbs/bootstrap/zipball/v4.6.1
Sat 09 Oct 2021 06:43:19 GMT,v5.1.3,https://api.github.com/repos/twbs/bootstrap/zipball/v5.1.3
Tue 05 Oct 2021 15:50:18 GMT,v5.1.2,https://api.github.com/repos/twbs/bootstrap/zipball/v5.1.2
Tue 07 Sep 2021 15:37:44 GMT,v5.1.1,https://api.github.com/repos/twbs/bootstrap/zipball/v5.1.1
Wed 04 Aug 2021 15:41:51 GMT,v5.1.0,https://api.github.com/repos/twbs/bootstrap/zipball/v5.1.0
Tue 22 Jun 2021 18:29:16 GMT,v5.0.2,https://api.github.com/repos/twbs/bootstrap/zipball/v5.0.2
Thu 13 May 2021 16:22:20 GMT,v5.0.1,https://api.github.com/repos/twbs/bootstrap/zipball/v5.0.1
Wed 05 May 2021 19:32:12 GMT,v5.0.0,https://api.github.com/repos/twbs/bootstrap/zipball/v5.0.0
Tue 23 Mar 2021 16:26:54 GMT,v5.0.0-beta3,https://api.github.com/repos/twbs/bootstrap/zipball/v5.0.0-beta3
Wed 10 Feb 2021 16:14:51 GMT,v5.0.0-beta2,https://api.github.com/repos/twbs/bootstrap/zipball/v5.0.0-beta2
Tue 19 Jan 2021 16:16:38 GMT,v4.6.0,https://api.github.com/repos/twbs/bootstrap/zipball/v4.6.0
Mon 07 Dec 2020 16:18:16 GMT,v5.0.0-beta1,https://api.github.com/repos/twbs/bootstrap/zipball/v5.0.0-beta1
Wed 11 Nov 2020 17:07:37 GMT,v5.0.0-alpha3,https://api.github.com/repos/twbs/bootstrap/zipball/v5.0.0-alpha3
Tue 13 Oct 2020 15:38:30 GMT,v4.5.3,https://api.github.com/repos/twbs/bootstrap/zipball/v4.5.3
Tue 29 Sep 2020 15:33:00 GMT,v5.0.0-alpha2,https://api.github.com/repos/twbs/bootstrap/zipball/v5.0.0-alpha2
Thu 06 Aug 2020 16:22:43 GMT,v4.5.2,https://api.github.com/repos/twbs/bootstrap/zipball/v4.5.2
Tue 04 Aug 2020 16:24:33 GMT,v4.5.1,https://api.github.com/repos/twbs/bootstrap/zipball/v4.5.1
Tue 16 Jun 2020 19:12:01 GMT,v5.0.0-alpha1,https://api.github.com/repos/twbs/bootstrap/zipball/v5.0.0-alpha1
